<?xml version="1.0" encoding="UTF-8"?>
<beans xmlns="http://www.springframework.org/schema/beans"
       xmlns:xsi="http://www.w3.org/2001/XMLSchema-instance" xmlns:aop="http://www.springframework.org/schema/aop"
       xmlns:tx="http://www.springframework.org/schema/tx" xmlns:context="http://www.springframework.org/schema/context"
       xsi:schemaLocation="
	http://www.springframework.org/schema/beans http://www.springframework.org/schema/beans/spring-beans-3.2.xsd
	http://www.springframework.org/schema/aop http://www.springframework.org/schema/aop/spring-aop-3.2.xsd
	http://www.springframework.org/schema/tx http://www.springframework.org/schema/tx/spring-tx-3.2.xsd
	http://www.springframework.org/schema/context http://www.springframework.org/schema/context/spring-context-3.2.xsd">

    <context:component-scan base-package="com.kwk">
        <context:exclude-filter type="annotation" expression="org.springframework.stereotype.Controller"/>
    </context:component-scan>

    <!--tomcat jdbc pool数据源配置-->
    <bean id="dataSource" class="org.apache.tomcat.jdbc.pool.DataSource" destroy-method="close">
        <property name="poolProperties">
            <bean class="org.apache.tomcat.jdbc.pool.PoolProperties">
                <property name="driverClassName" value="com.mysql.jdbc.Driver"/>
                <property name="url" value="jdbc:mysql://localhost:3306/test?autoReconnect=true&amp;useUnicode=true&amp;characterEncoding=UTF-8"/>
                <property name="username" value="dev"/>
                <property name="password" value="dev"/>
                <property name="jmxEnabled" value="true"/>
                <property name="testWhileIdle" value="true"/>
                <property name="testOnBorrow" value="true"/>
                <property name="testOnReturn" value="false"/>
                <property name="validationInterval" value="30000"/>
                <property name="validationQuery" value="SELECT 1"/>
                <property name="timeBetweenEvictionRunsMillis" value="30000"/>
                <property name="maxActive" value="100"/>
                <property name="initialSize" value="10"/>
                <property name="maxWait" value="10000"/>
                <property name="minEvictableIdleTimeMillis" value="30000"/>
                <property name="minIdle" value="10"/>
                <property name="logAbandoned" value="false"/>
                <property name="removeAbandoned" value="true"/>
                <property name="removeAbandonedTimeout" value="60"/>
                <property name="jdbcInterceptors" value="org.apache.tomcat.jdbc.pool.interceptor.ConnectionState;org.apache.tomcat.jdbc.pool.interceptor.StatementFinalizer"/>
            </bean>
        </property>
    </bean>

    <!-- spring和MyBatis完美整合，不需要mybatis的配置映射文件 -->
    <bean id="sqlSessionFactory" class="org.mybatis.spring.SqlSessionFactoryBean">
        <property name="dataSource" ref="dataSource" />
        <!-- 自动扫描mapping.xml文件 -->
        <!--<property name="mapperLocations" value="classpath:config/mybatis/*.xml"></property>-->
        <property name="configLocation" value="classpath:config/mybatis/configuration.xml"/>
    </bean>

    <!-- DAO接口所在包名，Spring会自动查找其下的类 -->
    <bean class="org.mybatis.spring.mapper.MapperScannerConfigurer">
        <!--basePackage指定要扫描的包，在此包之下的映射器都会被搜索到。可指定多个包，包与包之间用逗号或分号分隔-->
        <property name="basePackage" value="com.kwk.dao" />
        <property name="sqlSessionFactoryBeanName" value="sqlSessionFactory"></property>
    </bean>

    <!-- (事务管理)transaction manager, use JtaTransactionManager for global tx -->
    <bean id="transactionManager"
          class="org.springframework.jdbc.datasource.DataSourceTransactionManager">
        <property name="dataSource" ref="dataSource" />
    </bean>

    <bean id="studentMapper" class="org.mybatis.spring.mapper.MapperFactoryBean">
        <!--sqlSessionFactory属性指定要用到的SqlSessionFactory实例-->
        <property name="sqlSessionFactory" ref="sqlSessionFactory"/>
        <!--mapperInterface属性指定映射器接口，用于实现此接口并生成映射器对象-->
        <property name="mapperInterface" value="com.kwk.dao.StudentMapper"/>
    </bean>
</beans>