<?xml version="1.0" encoding="UTF-8"?>
<beans xmlns="http://www.springframework.org/schema/beans"
       xmlns:xsi="http://www.w3.org/2001/XMLSchema-instance" xmlns:aop="http://www.springframework.org/schema/aop"
       xmlns:tx="http://www.springframework.org/schema/tx" xmlns:context="http://www.springframework.org/schema/context"
       xmlns:mvc="http://www.springframework.org/schema/mvc"
       xsi:schemaLocation="http://www.springframework.org/schema/beans http://www.springframework.org/schema/beans/spring-beans-3.2.xsd
	http://www.springframework.org/schema/aop http://www.springframework.org/schema/aop/spring-aop-3.2.xsd
	http://www.springframework.org/schema/tx http://www.springframework.org/schema/tx/spring-tx-3.2.xsd
	http://www.springframework.org/schema/context http://www.springframework.org/schema/context/spring-context-3.2.xsd http://www.springframework.org/schema/mvc http://www.springframework.org/schema/mvc/spring-mvc.xsd">
    <context:component-scan base-package="com.kwk">
        <context:include-filter type="annotation" expression="org.springframework.stereotype.Controller"/>
    </context:component-scan>

    <!--<context:annotation-config/>-->

    <mvc:annotation-driven />

    <bean id="officeHoursInterceptor" class="com.kwk.MyInterceptor">
        <property name="openingTime" value="0"/>
        <property name="closingTime" value="24"/>
    </bean>

    <mvc:interceptors>
        <bean class="org.springframework.web.servlet.i18n.LocaleChangeInterceptor" />
        <mvc:interceptor>
            <mvc:mapping path="/**"/>
            <mvc:exclude-mapping path="/admin/**"/>
            <ref bean="officeHoursInterceptor" />
        </mvc:interceptor>
        <!--<mvc:interceptor>-->
            <!--<mvc:mapping path="/secure/*"/>-->
            <!--<ref bean="officeHoursInterceptor" />-->
        <!--</mvc:interceptor>-->
    </mvc:interceptors>

    <bean id="handlerExceptionResolver" class="org.springframework.web.servlet.handler.SimpleMappingExceptionResolver">
        <property name="exceptionMappings">
            <props>
                <prop key="java.lang.IllegalArgumentException">error/501.jsp</prop>
                <prop key="java.lang.exception">error/500.jsp</prop>
            </props>
        </property>
    </bean>

    <!-- 配置freeMarker视图解析器 -->
    <bean id="ftlViewResolver" class="org.springframework.web.servlet.view.freemarker.FreeMarkerViewResolver">
        <property name="viewClass" value="org.springframework.web.servlet.view.freemarker.FreeMarkerView"/>
        <property name="contentType" value="text/html; charset=utf-8"/>
        <property name="cache" value="true"/>
        <!--<property name="suffix" value=".ftl"/>-->
        <property name="order" value="0"/>
        <!-- 优先使用此类型view -->
    </bean>

    <bean id="jspViewResolver" class="org.springframework.web.servlet.view.UrlBasedViewResolver">
        <property name="viewClass" value="org.springframework.web.servlet.view.JstlView"/>
        <property name="prefix" value="/WEB-INF/jsp/"/>
        <!--<property name="suffix" value=".jsp"/>-->
        <property name="order" value="1"/>
    </bean>

    <!-- 配置freeMarker的模板路径 -->
    <bean id="fmXmlEscape" class="freemarker.template.utility.XmlEscape"/>

    <bean id="freemarkerConfig" class="org.springframework.web.servlet.view.freemarker.FreeMarkerConfigurer">
        <property name="templateLoaderPath">
            <value>/WEB-INF/ftl/</value>
        </property>
        <property name="freemarkerVariables">
            <map>
                <entry key="xml_escape" value-ref="fmXmlEscape"/>
            </map>
        </property>
        <property name="defaultEncoding">
            <value>utf-8</value>
        </property>
        <property name="freemarkerSettings">
            <props>
                <prop key="template_update_delay">3600</prop>
            </props>
        </property>
    </bean>

    <!--<mvc:resources location="/" mapping="/**"/>-->
    <!--<mvc:default-servlet-handler />-->
</beans>